{
    "xy_sensitivity": 15.2,
    "targeting_sensitivity": 50.0,
    "fps": 180.0,
    "normal_scale": 0.7236842105263158,
    "targeting_scale": 1.4473684210526316
}